"DESCRIPTION","DURATION IN MS","NAME","PARENT SUITE","START TIME","STATUS","STOP TIME","SUB SUITE","SUITE","TEST CLASS","TEST METHOD"
"","657","Login validation: username='', password=''","tests","2026-08-28","passed","2026-08-28","","test_login","",""
"","663","Login fails with invalid credentials: student","tests","2026-08-28","passed","2026-08-28","","test_login","",""
"","705","Login fails with invalid credentials: wronguser","tests","2026-08-28","passed","2026-08-28","","test_login","",""
"","656","Contact page is opened and title is correct","tests","2026-08-28","passed","2026-08-28","","test_contact_page","",""
"","1118","Successful login with valid credentials","tests","2026-08-28","passed","2026-08-28","","test_login","",""
"","684","Login fails with invalid credentials: wronguser","tests","2026-08-28","passed","2026-08-28","","test_login","",""
"","525","Login validation: username='student', password=''","tests","2026-08-28","passed","2026-08-28","","test_login","",""
"Test that verifies user session is restored via the stored auth state.","430","User is logged in automatically using storage state","tests","2026-08-28","passed","2026-08-28","","test_profile","",""
"","481","Login validation: username='', password='Password123'","tests","2026-08-28","passed","2026-08-28","","test_login","",""
